,City,Cloudiness,Country,Date,Humidity,Lat,Lng,Max Temperature,Wind Speed
0,Necochea,96,AR,1613317472,66,-38.5473,-58.7368,74.77,7.25
1,Chokurdakh,100,RU,1613317463,86,70.6333,147.9167,-11.96,9.6
2,New Norfolk,100,AU,1613317472,65,-42.7826,147.0587,61.0,1.99
3,Tyrma,8,RU,1613317476,88,50.0833,132.1667,-11.97,2.06
4,Busselton,95,AU,1613317477,85,-33.65,115.3333,72.0,7.7
5,Mataura,48,NZ,1613317374,93,-46.1927,168.8643,57.0,5.99
6,Dikson,100,RU,1613317479,89,73.5069,80.5464,-16.69,12.24
7,Ancud,0,CL,1613317388,51,-41.8697,-73.8203,59.0,16.11
8,Tres Arroyos,100,AR,1613317481,81,-38.3739,-60.2798,68.76,3.69
9,Jamestown,90,US,1613317482,79,42.097,-79.2353,19.99,8.05
10,Kruisfontein,100,ZA,1613317483,81,-34.0033,24.7314,73.0,1.99
11,Ushuaia,40,AR,1613317262,53,-54.8,-68.3,48.2,10.36
12,Beringovskiy,100,RU,1613317486,93,63.05,179.3167,1.42,21.63
13,Mossamedes,20,AO,1613317487,48,-15.1961,12.1522,86.0,12.66
14,Punta Arenas,75,CL,1613317432,57,-53.15,-70.9167,50.0,18.41
15,Nueve de Julio,33,AR,1613317489,65,-35.4444,-60.8831,81.0,1.99
16,Egvekinot,100,RU,1613317490,84,66.3167,-179.1667,-10.61,21.92
17,Majene,86,ID,1613317491,77,-3.5403,118.9707,78.46,4.34
18,Yulara,65,AU,1613317492,42,-25.2406,130.9889,82.4,9.22
19,Mahon,75,ES,1613317494,61,39.8885,4.2658,48.2,14.97
20,Karaidel',97,RU,1613317495,95,55.8337,56.9069,11.05,6.17
21,Masuguru,88,TZ,1613317496,90,-11.3667,38.4167,78.08,3.94
22,Jiuquan,0,CN,1613317497,85,39.7432,98.5174,29.28,4.79
23,Hobart,90,AU,1613317212,67,-42.8794,147.3294,61.0,14.97
24,Yichang,0,CN,1613317499,66,30.7144,111.2847,57.0,2.17
25,Atuona,5,PF,1613317500,75,-9.8,-139.0333,78.21,14.61
26,Upernavik,100,GL,1613317502,91,72.7868,-56.1549,-0.78,7.85
27,Zanesville,90,US,1613317503,68,39.9404,-82.0132,27.0,5.75
28,Vaini,20,TO,1613317455,94,-21.2,-175.2,77.0,3.44
29,Vanimo,100,PG,1613317505,85,-2.6741,141.3028,78.26,6.96
30,Vao,39,NC,1613317506,75,-22.6667,167.4833,78.93,5.28
31,Quelimane,40,MZ,1613317507,70,-17.8786,36.8883,91.4,11.5
32,Grand Gaube,8,MU,1613317509,74,-20.0064,57.6608,80.01,4.0
33,Brigantine,90,US,1613317510,93,39.4101,-74.3646,35.01,6.91
34,Albany,90,US,1613317511,86,42.6001,-73.9662,32.0,1.39
35,Price,1,US,1613317512,63,39.5994,-110.8107,23.0,5.75
36,Thompson,75,CA,1613317508,76,55.7435,-97.8558,-16.6,6.91
37,Northam,100,GB,1613317514,92,51.0333,-4.2167,52.0,17.0
38,The Valley,20,AI,1613317515,61,18.217,-63.0578,82.4,20.71
39,Yumen,0,CN,1613317517,80,40.2833,97.2,27.97,8.5
40,Igunga,37,TZ,1613317518,72,-4.2833,33.8833,72.79,5.41
41,Kyaikto,0,MM,1613317519,63,17.3,97.0167,69.73,4.43
42,Lithgow,55,AU,1613317520,43,-33.4833,150.15,52.0,6.8
43,Bethel,90,US,1613317521,74,41.3712,-73.414,32.0,4.61
44,Barrow,75,US,1613317522,76,71.2906,-156.7887,-18.4,3.44
45,Clyde River,99,CA,1613317371,70,70.4692,-68.5914,-9.4,4.61
46,Huainan,0,CN,1613317525,65,32.6264,116.9969,53.82,4.43
47,Kapaa,40,US,1613317526,88,22.0752,-159.319,73.4,9.22
48,Mahébourg,20,MU,1613317527,74,-20.4081,57.7,80.6,3.44
49,Rikitea,10,PF,1613317528,78,-23.1203,-134.9692,79.32,17.6
50,São Filipe,0,CV,1613317529,67,14.8961,-24.4956,73.18,12.17
51,Kyren,100,RU,1613317530,85,51.6828,102.1408,8.67,1.9
52,Cockburn Town,6,TC,1613317531,72,21.4612,-71.1419,77.88,21.65
53,Muyezerskiy,33,RU,1613317532,90,63.9333,31.65,-9.9,4.61
54,Pringsewu,100,ID,1613317534,94,-5.3582,104.9744,74.1,1.63
55,Esperance,40,AU,1613317535,68,-33.8667,121.9,66.2,10.36
56,Half Moon Bay,75,US,1613317536,81,37.4636,-122.4286,50.0,16.11
57,Grindavik,75,IS,1613317537,87,63.8424,-22.4338,44.6,28.77
58,Butaritari,93,KI,1613317356,81,3.0707,172.7902,80.15,18.07
59,East London,75,ZA,1613317539,89,-33.0153,27.9116,78.8,14.97
60,Vestmanna,75,FO,1613317540,100,62.1564,-7.1664,41.0,36.82
61,Kilindoni,83,TZ,1613317541,80,-7.9139,39.6668,82.33,13.6
62,Tautira,20,PF,1613317543,73,-17.7333,-149.15,78.8,5.75
63,Cândido de Abreu,74,BR,1613317544,83,-24.5669,-51.3333,76.5,4.99
64,Saint Paul Harbor,90,US,1613317545,87,57.79,-152.4072,39.2,21.85
65,Pisco,0,PE,1613317546,78,-13.7,-76.2167,73.4,9.22
66,Mar del Plata,40,AR,1613317547,69,-38.0023,-57.5575,77.0,5.75
67,San Patricio,90,US,1613317378,93,28.017,-97.5169,34.0,14.97
68,Cape Town,20,ZA,1613317535,53,-33.9258,18.4232,73.4,17.27
69,George Town,20,MY,1613317551,69,5.4112,100.3354,86.0,4.61
70,Hirara,0,JP,1613317552,75,24.8,125.2833,69.39,17.36
71,Virginia,90,US,1613317553,93,37.5481,-77.4467,33.01,10.36
72,Pangnirtung,95,CA,1613317512,81,66.1451,-65.7125,-17.73,0.69
73,Sungai Raya,0,ID,1613317555,88,0.7,108.9,75.56,9.48
74,Zaozyornoye,100,UA,1613317556,46,45.1582,33.2787,26.01,1.99
75,Severo-Kuril'sk,69,RU,1613317378,92,50.6789,156.125,24.1,11.5
76,Yellowknife,1,CA,1613317502,76,62.456,-114.3525,-14.01,9.22
77,Buala,95,SB,1613317560,81,-8.145,159.5921,78.66,6.44
78,Sinop Province,90,TR,1613317561,87,41.7711,34.8709,39.2,10.36
79,Sinjār,0,IQ,1613317562,46,36.3209,41.8754,57.99,5.1
80,Kirgiz-Miyaki,100,RU,1613317563,93,53.6324,54.7979,12.31,19.44
81,Bambanglipuro,100,ID,1613317564,84,-7.95,110.2833,77.54,1.9
82,Constitución,2,CL,1613317473,60,-35.3333,-72.4167,65.68,5.5
83,Yala,1,TH,1613317567,92,6.3333,101.25,68.79,2.35
84,Norwich,100,GB,1613317524,64,52.6278,1.2983,37.0,17.27
85,Hong Kong,0,HK,1613317272,81,22.2855,114.1577,66.99,6.31
86,Meulaboh,62,ID,1613317404,84,4.1363,96.1285,79.52,3.49
87,Saint-Philippe,75,RE,1613317571,78,-21.3585,55.7679,80.6,18.41
88,Avarua,20,CK,1613317572,89,-21.2078,-159.775,78.8,8.05
89,Okha,92,RU,1613317573,96,53.5739,142.9478,11.71,5.08
90,Mount Gambier,90,AU,1613317574,82,-37.8333,140.7667,57.2,14.97
91,Sistranda,0,NO,1613317575,60,63.7256,8.834,33.8,14.97
92,Monster,93,NL,1613317577,45,52.0258,4.175,39.99,12.66
93,Hilo,90,US,1613317578,82,19.7297,-155.09,66.99,6.91
94,Puerto Escondido,1,MX,1613317559,94,15.85,-97.0667,69.8,5.75
95,Chenzhou,0,CN,1613317580,73,25.8,113.0333,58.19,1.36
96,Maltahöhe,61,NA,1613317581,35,-24.8333,16.9833,79.3,17.6
97,Bluff,53,NZ,1613317351,93,-46.6,168.3333,57.0,5.99
98,Zyryanka,100,RU,1613317583,88,65.75,150.85,-17.86,4.68
99,Severomorsk,20,RU,1613317585,76,69.0689,33.4162,-14.8,2.24
100,Lebu,11,CL,1613317586,62,-37.6167,-73.65,62.71,17.07
101,Port Elizabeth,75,ZA,1613317587,83,-33.918,25.5701,73.4,18.41
102,Kharp,100,RU,1613317588,84,66.8014,65.8081,-22.74,4.54
103,Boddam,90,GB,1613317589,81,57.4667,-1.7833,39.2,26.46
104,Kastamonu Province,99,TR,1613317590,97,41.5,33.6667,30.9,3.09
105,Saint-Louis,0,SN,1613317591,12,16.3333,-15.0,98.6,2.3
106,Bonthe,43,SL,1613317592,70,7.5264,-12.505,85.03,10.6
107,Mangai,90,CD,1613317595,56,-4.05,19.5333,87.3,2.59
108,Daru,100,PG,1613317596,85,-9.0763,143.2092,79.27,6.29
109,Cabras,0,IT,1613317597,59,39.93,8.5314,43.97,16.58
110,Amapá,100,BR,1613317598,91,1.0,-52.0,80.2,5.01
111,Hermanus,24,ZA,1613317409,59,-34.4187,19.2345,75.0,7.0
112,Salalah,0,OM,1613317600,69,17.0151,54.0924,77.0,5.75
113,Khatanga,55,RU,1613317601,82,71.9667,102.5,-33.48,3.2
114,Okhotsk,100,RU,1613317602,93,59.3833,143.3,7.27,5.3
115,Zhigansk,92,RU,1613317604,87,66.7697,123.3711,-21.64,8.57
116,Bambous Virieux,20,MU,1613317605,74,-20.3428,57.7575,80.6,3.44
117,Kalininsk,100,RU,1613317606,93,51.5,44.4758,4.15,10.45
118,Rāth,0,IN,1613317607,34,25.5833,79.5667,65.98,6.64
119,Olafsvik,100,IS,1613317608,85,64.8945,-23.7142,41.11,19.64
120,Kruglolesskoye,90,RU,1613317609,80,44.6589,42.8142,28.4,6.71
121,Panjāb,0,AF,1613317610,79,34.388,67.0233,16.79,3.96
122,Maceió,75,BR,1613317444,65,-9.6658,-35.7353,84.2,6.91
123,Agapovka,75,RU,1613317613,73,53.2973,59.1348,15.8,17.9
124,Fomboni,97,KM,1613317614,78,-12.28,43.7425,83.5,19.33
125,Comodoro Rivadavia,40,AR,1613317615,45,-45.8667,-67.5,64.4,12.66
126,San Jose,75,US,1613317616,81,37.3394,-121.895,46.4,4.61
127,Lompoc,1,US,1613317617,76,34.6391,-120.4579,46.99,8.05
128,Arrondissement du Havre,0,FR,1613317618,48,49.5833,0.3333,37.4,18.41
129,Kostanay,0,KZ,1613317620,73,53.1667,63.5833,19.4,15.66
130,Myitkyina,6,MM,1613317621,44,25.3833,97.4,65.62,2.64
131,Hay River,0,CA,1613317622,77,60.8156,-115.7999,-7.6,6.91
132,Noumea,0,NC,1613317506,94,-22.2763,166.4572,80.01,3.44
133,Charters Towers,92,AU,1613317624,83,-20.1,146.2667,77.34,9.53
134,Itapirapuã,100,BR,1613317625,76,-15.8233,-50.6133,82.65,9.48
135,Taltal,4,CL,1613317626,61,-25.4,-70.4833,72.48,8.5
136,Tuktoyaktuk,90,CA,1613317483,84,69.4541,-133.0374,-2.2,9.22
137,Belaya Gora,100,RU,1613317629,89,68.5333,146.4167,-12.44,7.36
138,Lima,0,PE,1613317593,69,-12.0432,-77.0282,78.01,10.36
139,Cidreira,55,BR,1613317631,59,-30.1811,-50.2056,83.37,2.28
140,Maracaju,74,BR,1613317632,63,-21.6144,-55.1683,84.36,6.31
141,Tual,100,ID,1613317633,81,-5.6667,132.75,82.98,17.83
142,Puerto Ayora,75,EC,1613317634,74,-0.7393,-90.3518,82.4,11.5
143,Castro,100,BR,1613317636,74,-24.7911,-50.0119,73.38,9.62
144,Mīnāb,0,IR,1613317637,78,27.1467,57.0801,73.4,6.91
145,Flin Flon,90,CA,1613317638,77,54.7682,-101.865,-13.0,5.75
146,Malatya Province,40,TR,1613317639,50,38.5,38.0,53.6,8.05
147,Mount Isa,93,AU,1613317375,100,-20.7333,139.5,77.0,1.14
148,Pevek,63,RU,1613317370,88,69.7008,170.3133,-18.36,3.47
149,Oussouye,0,SN,1613317642,69,12.485,-16.5469,96.8,6.91
150,Takoradze,82,GH,1613317643,76,4.8845,-1.7554,83.95,11.9
151,Hithadhoo,98,MV,1613317644,73,-0.6,73.0833,82.9,6.71
152,Laguna,75,US,1613317646,70,38.421,-121.4238,46.99,3.44
153,Boueni,75,YT,1613317647,79,-12.9025,45.0761,84.2,10.36
154,Norman Wells,1,CA,1613317373,75,65.282,-126.8329,-31.0,2.3
155,Cabo San Lucas,1,MX,1613317428,77,22.8909,-109.9124,59.0,10.36
156,Estelle,90,US,1613317650,93,29.8458,-90.1067,39.99,9.22
157,Qaanaaq,100,GL,1613317352,91,77.484,-69.3632,14.61,6.31
158,Almaty,90,KZ,1613317563,100,43.25,76.95,32.0,2.24
159,Wattegama,75,LK,1613317654,100,6.7989,81.4808,77.0,4.61
160,Kieta,92,PG,1613317524,81,-6.2167,155.6333,80.19,7.52
161,Port Alfred,35,ZA,1613317656,91,-33.5906,26.891,75.0,5.01
162,Sawākin,49,SD,1613317657,70,19.1059,37.3321,78.35,6.62
163,Fort Nelson,20,CA,1613317508,76,58.8053,-122.7002,-20.2,0.96
164,Arraial do Cabo,0,BR,1613317605,58,-22.9661,-42.0278,86.0,2.3
165,Roxana,0,CR,1613317660,60,10.2753,-83.7513,81.0,6.91
166,Vila Franca do Campo,20,PT,1613317495,67,37.7167,-25.4333,59.0,21.85
167,Gilgit,0,PK,1613317663,57,35.9221,74.3087,39.29,3.18
168,Rio Grande,75,BR,1613317664,65,-32.035,-52.0986,82.4,5.75
169,Kavaratti,88,IN,1613317665,59,10.5669,72.642,81.72,4.25
170,Moussoro,0,TD,1613317666,9,13.6408,16.4901,95.59,4.81
171,Ostrovnoy,4,RU,1613317667,89,68.0531,39.5131,-4.22,9.22
172,Quatre Cocos,20,MU,1613317668,74,-20.2078,57.7625,80.6,3.44
173,Lagoa,9,PT,1613317669,68,39.05,-27.9833,56.98,26.46
174,Biak,100,ID,1613317671,79,-0.9131,122.8766,77.77,4.7
175,Ponte Nova,96,BR,1613317672,79,-20.4164,-42.9086,79.02,7.29
176,Izhevskoye,100,RU,1613317673,94,54.5567,40.8703,3.49,7.63
177,Port Hedland,0,AU,1613317674,83,-20.3167,118.5667,80.6,6.91
178,Nishihara,75,JP,1613317675,68,26.1842,127.7558,68.0,20.71
179,Poum,98,NC,1613317515,74,-20.2333,164.0167,79.32,3.89
180,Tubualá,20,PA,1613317678,58,9.5167,-79.0333,86.0,6.91
181,Saint George,1,US,1613317611,56,37.1041,-113.5841,43.0,5.12
182,Ocean City,90,US,1613317631,93,39.2776,-74.5746,32.0,6.91
183,Taoudenni,0,ML,1613317681,11,22.6783,-3.9836,88.95,19.98
184,Bengkulu,100,ID,1613317682,89,-3.8004,102.2655,77.18,5.1
185,Sovetsk,93,RU,1613317683,95,55.0839,21.8785,28.2,10.8
186,Mazamari,88,PE,1613317684,55,-11.3258,-74.5308,86.23,1.45
187,Nemuro,100,JP,1613317394,94,43.3236,145.575,31.48,0.38
188,Pilar,75,BR,1613317584,65,-9.5972,-35.9567,84.2,6.91
189,Tefé,75,BR,1613317688,89,-3.3542,-64.7114,80.6,3.44
190,Yulin,7,CN,1613317689,65,22.6333,110.15,67.78,2.48
191,San Miguel de Cozumel,40,MX,1613317562,78,20.5083,-86.9458,82.4,4.61
192,Aksu,39,CN,1613317691,76,41.1231,80.2644,36.39,5.21
193,Marzuq,0,YE,1613317692,43,14.4,46.4667,66.18,5.48
194,Tasiilaq,90,GL,1613317693,80,65.6145,-37.6368,33.8,11.5
195,Zilupe,90,LV,1613317695,97,56.3862,28.1217,17.87,5.32
196,Doha,0,QA,1613317696,43,25.2867,51.5333,75.2,4.61
197,Tsabong,74,BW,1613317697,39,-26.0217,22.401,84.16,15.93
198,Damietta,0,EG,1613317644,63,31.4165,31.8133,62.6,6.91
199,Touros,40,BR,1613317699,58,-5.1989,-35.4608,87.8,13.8
200,Cherskiy,83,RU,1613317700,87,68.75,161.3,-9.85,0.98
201,Longhua,0,CN,1613317701,69,23.6137,114.1919,63.07,2.15
202,Margate,100,GB,1613317702,46,51.3813,1.3862,39.0,8.01
203,Xichang,0,CN,1613317704,51,27.8964,102.2634,49.46,1.54
204,Port Hardy,90,CA,1613317705,86,50.6996,-127.4199,33.8,27.63
205,Portmore,20,JM,1613317706,61,17.9702,-76.8672,84.99,25.32
206,Port Lincoln,0,AU,1613317707,84,-34.7333,135.8667,60.39,14.05
207,Pottsville,87,US,1613317708,86,40.6857,-76.1955,30.0,4.03
208,Kaitangata,66,NZ,1613317709,91,-46.2817,169.8464,60.01,1.01
209,Qinhuangdao,65,CN,1613317710,84,39.9317,119.5883,24.28,7.96
210,Florenville,100,BE,1613317711,44,49.6998,5.3074,35.01,1.99
211,Salinópolis,100,BR,1613317713,87,-0.6136,-47.3561,80.04,15.64
212,Tevriz,100,RU,1613317714,97,57.509,72.4042,30.27,9.53
213,Siocon,66,PH,1613317715,84,7.7061,122.1353,78.17,6.89
214,Kirakira,100,SB,1613317716,82,-10.4544,161.9205,80.08,7.78
215,Morondava,100,MG,1613317717,71,-20.2833,44.2833,81.43,7.38
216,Sayán,0,PE,1613317718,38,-11.1361,-77.1933,81.34,9.08
217,Kidal,0,ML,1613317720,9,18.4411,1.4078,93.9,7.81
218,Alice Springs,11,AU,1613317716,47,-23.7,133.8833,77.0,8.05
219,Katsuura,75,JP,1613317722,82,35.1333,140.3,57.0,6.91
220,Carmelo,75,UY,1613317723,65,-33.9892,-58.2856,80.6,4.61
221,Altamira,75,BR,1613317724,79,-3.2033,-52.2064,84.2,5.75
222,Narsaq,40,GL,1613317547,64,60.9167,-46.05,33.8,4.32
223,Ahipara,100,NZ,1613317726,96,-35.1667,173.1667,69.15,11.56
224,Torbay,40,CA,1613317727,80,47.6666,-52.7314,27.0,12.66
225,Bredasdorp,40,ZA,1613317728,36,-34.5322,20.0403,78.8,17.27
226,Prado,100,BR,1613317730,65,-17.3411,-39.2208,81.93,10.22
227,Faanui,40,PF,1613317570,69,-16.4833,-151.75,81.66,8.12
228,Kununurra,100,AU,1613317732,100,-15.7667,128.7333,80.6,4.61
229,Matamoros,1,MX,1613317733,57,25.5333,-103.25,52.0,6.91
230,Palāsa,33,IN,1613317734,76,18.7667,84.4167,70.23,5.19
231,Krasnaya Gora,75,RU,1613317523,73,52.9995,31.6023,19.4,13.42
232,Bambari,20,CF,1613317737,13,5.768,20.6757,101.5,4.88
233,Iralaya,40,HN,1613317738,83,15.0,-83.2333,80.6,4.61
234,Carnarvon,0,AU,1613317739,100,-24.8667,113.6333,78.8,6.91
235,Rapid City,1,US,1613317740,70,44.0805,-103.231,-8.0,3.78
236,Palmer,100,US,1613317741,63,42.1584,-72.3287,30.0,1.77
237,Teahupoo,20,PF,1613317742,73,-17.8333,-149.2667,78.8,5.75
238,Nanortalik,91,GL,1613317482,95,60.1432,-45.2371,28.63,7.85
239,Pachino,75,IT,1613317745,49,36.7186,15.0907,46.4,14.97
240,Hamilton,90,US,1613317646,79,39.1834,-84.5333,24.01,10.36
241,Lata,100,PT,1613317499,43,40.1629,-8.3327,72.0,5.86
242,Agios Nikolaos,90,GR,1613317748,93,38.4167,23.65,35.6,14.97
243,Chapais,40,CA,1613317749,72,49.7834,-74.8492,5.0,2.3
244,Kiunga,100,PG,1613317750,97,-6.1219,141.2906,74.61,3.02
245,Elk Point,97,US,1613317752,68,42.6833,-96.6836,-11.0,8.63
246,Muros,100,ES,1613317753,69,42.7762,-9.0603,62.01,13.0
247,Anyang,89,CN,1613317754,64,36.0994,114.3289,42.96,19.28
248,Ginir,12,ET,1613317755,35,7.1333,40.7,67.33,7.52
249,Flinders,32,AU,1613317756,84,-34.5833,150.8552,64.99,1.99
250,Vieques,75,PR,1613317757,65,18.425,-65.8329,80.6,17.27
251,Hasaki,40,JP,1613317758,82,35.7333,140.8333,53.01,4.61
252,Saskylakh,100,RU,1613317760,85,71.9167,114.0833,-22.49,9.93
253,Gouyave,40,GD,1613317761,65,12.1646,-61.7296,84.2,25.32
254,Ciudad Bolivar,100,VE,1613317762,44,8.1222,-63.5497,90.07,14.94
255,San Rafael,0,AR,1613317763,25,-34.6177,-68.3301,82.85,10.96
256,Porosozero,61,RU,1613317764,90,62.7191,32.727,-10.1,5.73
257,Simao,4,CN,1613317765,83,22.7886,100.9748,54.97,2.19
258,Panguipulli,0,CL,1613317766,55,-39.6333,-72.3333,66.2,8.05
259,Simbahan,100,PH,1613317767,76,6.3032,120.5836,81.37,16.17
260,Christchurch,40,NZ,1613317673,94,-43.5333,172.6333,59.0,4.61
261,Chui,62,UY,1613317770,65,-33.6971,-53.4616,80.85,2.26
262,Ribeira Grande,20,PT,1613317771,59,38.5167,-28.7,60.8,19.57
263,Padang,90,ID,1613317772,89,-0.9492,100.3543,78.8,2.3
264,Sidi Ali,0,DZ,1613317773,70,36.0998,0.4206,57.99,16.04
265,Ust'-Kulom,100,RU,1613317774,91,61.6864,53.6902,-3.01,7.02
266,Luwuk,100,ID,1613317775,73,-0.9516,122.7875,79.0,4.23
267,Koutsouras,3,GR,1613317525,67,35.0339,25.9469,62.01,10.85
268,Alofi,0,NU,1613317778,100,-19.0595,-169.9187,73.4,6.42
269,Bonavista,98,CA,1613317779,74,48.6499,-53.1147,27.0,5.75
270,Nikolskoye,75,RU,1613317780,73,59.7035,30.7861,15.8,8.95
271,Ilulissat,75,GL,1613317781,61,69.2167,-51.1,10.4,6.91
272,Balotra,0,IN,1613317782,21,25.8333,72.2333,70.74,6.13
273,Malumfashi,0,NG,1613317783,10,11.7853,7.6218,91.87,5.93
274,Kavieng,88,PG,1613317784,79,-2.5744,150.7967,81.86,7.7
275,Geraldton,39,AU,1613317786,88,-28.7667,114.6,69.8,4.61
276,Provideniya,42,RU,1613317787,89,64.3833,-173.3,0.0,15.17
277,Bone,29,DE,1613317788,68,51.9669,12.1396,26.01,1.99
278,Beira,75,MZ,1613317789,79,-19.8436,34.8389,87.8,11.5
279,Potrerillos,20,HN,1613317790,78,15.2333,-87.9667,80.6,3.44
280,Bandiagara,18,ML,1613317791,8,14.3501,-3.6104,99.52,3.58
281,Santiago,0,CL,1613317639,68,-33.4569,-70.6483,75.0,4.61
282,Saint-Pierre,75,RE,1613317793,78,-21.3393,55.4781,80.6,18.41
283,Port Blair,37,IN,1613317795,79,11.6667,92.75,79.36,9.01
284,Luganville,99,VU,1613317796,83,-15.5333,167.1667,78.8,5.12
285,Devonport,0,AU,1613317797,92,-41.1667,146.35,54.0,8.5
286,Parang,86,PH,1613317798,80,7.3704,124.2697,77.4,2.06
287,Buraidah,0,SA,1613317799,36,26.326,43.975,77.0,9.22
288,Abu Kamal,0,SY,1613317800,35,34.4506,40.9171,66.07,9.4
289,São João da Barra,75,BR,1613317802,62,-21.6403,-41.0511,86.0,2.3
290,Soligalich,100,RU,1613317803,93,59.0778,42.2864,3.61,10.27
291,Ponta do Sol,0,PT,1613317804,72,32.6667,-17.1,64.4,4.61
292,Caravelas,100,BR,1613317805,53,-17.7125,-39.2481,85.5,9.13
293,College,1,US,1613317806,76,64.8569,-147.8028,-23.8,1.9
294,Innisfail,100,AU,1613317508,85,-17.5333,146.0333,76.26,4.52
295,Airai,100,TL,1613317808,100,-8.9266,125.4092,60.46,0.65
296,Niamey,0,NE,1613317657,5,13.5137,2.1098,100.4,9.22
297,Eldorado,95,BR,1613317811,55,-23.7869,-54.2836,85.37,4.7
298,Dalian,90,CN,1613317687,86,38.9122,121.6022,23.0,20.13
299,Tiksi,100,RU,1613317813,89,71.6872,128.8694,-16.13,7.05
300,Luanda,20,AO,1613317814,70,-8.8368,13.2343,84.2,11.5
301,Cajimos,63,PH,1613317815,84,12.5946,122.2753,78.31,14.65
302,Yelizovo,75,RU,1613317816,66,53.1873,158.3805,8.6,11.18
303,‘Āhuimanu,75,US,1613317817,78,21.4447,-157.8378,75.2,6.91
304,Isangel,75,VU,1613317819,89,-19.55,169.2667,78.8,9.22
305,Sinazongwe,82,ZM,1613317820,69,-17.2614,27.4618,82.87,1.86
306,Olinda,75,BR,1613317821,65,-8.0089,-34.8553,82.4,10.36
307,Río Gallegos,75,AR,1613317822,33,-51.6226,-69.2181,55.4,26.46
308,Tilichiki,100,RU,1613317824,92,60.4667,166.1,-6.86,10.27
309,Burnie,0,AU,1613317825,84,-41.0667,145.9167,59.0,10.11
310,Mehamn,75,NO,1613317826,86,71.0357,27.8492,23.0,10.36
311,Marsá Maţrūḩ,0,EG,1613317827,42,31.3525,27.2453,64.4,9.22
312,Gamba,100,GA,1613317829,77,-2.65,10.0,82.85,11.01
313,Robertsport,0,LR,1613317830,74,6.7533,-11.3686,83.3,10.36
314,Lobito,0,AO,1613317831,67,-12.3481,13.5456,81.93,10.33
315,Lavrentiya,100,RU,1613317832,86,65.5833,-171.0,-10.68,13.13
316,Weihe,85,CN,1613317833,61,32.9952,105.3247,41.94,7.05
317,Thongwa,1,MM,1613317834,73,16.7619,96.5278,75.2,5.75
318,Sur,0,OM,1613317835,76,22.5667,59.5289,68.72,1.12
319,Palagonia,40,IT,1613317837,24,37.3283,14.7448,51.8,20.71
320,Souillac,20,MU,1613317838,74,-20.5167,57.5167,80.6,3.44
321,Bosaso,0,SO,1613317839,66,11.2842,49.1816,76.3,6.4
322,Naze,1,JP,1613317840,90,28.3667,129.4833,64.29,18.5
323,Guaíra,86,BR,1613317759,56,-20.3183,-48.3106,84.97,6.82
324,Snyder,90,US,1613317842,85,32.7179,-100.9176,8.6,26.31
325,Mlonggo,100,ID,1613317843,90,-6.5333,110.7,77.29,4.05
326,Vostok,51,RU,1613317844,95,46.4856,135.8833,3.56,1.12
327,Lorengau,96,PG,1613317845,78,-2.0226,147.2712,81.59,7.87
328,Suwałki,99,PL,1613317584,98,54.1118,22.9309,28.99,14.94
329,Nikki,0,BJ,1613317848,9,9.9401,3.2108,99.88,5.84
330,Neiafu,20,TO,1613317849,94,-18.65,-173.9833,73.4,7.05
331,Windsor,1,CA,1613317850,79,42.3001,-83.0165,21.0,5.75
332,Bani Walid,97,LY,1613317851,59,31.7566,13.9942,57.09,18.59
333,Pombal,36,BR,1613317852,33,-6.7703,-37.8017,96.37,7.45
334,Tingo María,69,PE,1613317853,59,-9.2895,-76.0088,84.29,2.24
335,Koulikoro,0,ML,1613317854,8,14.0,-7.75,101.23,1.1
336,Uyuni,72,BO,1613317856,28,-20.4597,-66.825,60.03,12.64
337,San Quintín,96,MX,1613317857,73,30.4833,-115.95,57.92,15.64
338,Campo Maior,96,BR,1613317858,64,-4.8278,-42.1686,87.85,5.55
339,Dingle,99,PH,1613317859,90,10.9995,122.6711,75.69,5.59
340,Antalaha,100,MG,1613317860,92,-14.9003,50.2788,74.82,5.06
341,Cayenne,75,GF,1613317861,65,4.9333,-52.3333,84.2,19.57
342,Tateyama,90,JP,1613317862,72,34.9833,139.8667,61.0,17.27
343,Portland,90,US,1613317825,74,45.5234,-122.6762,28.99,12.66
344,Rocha,86,UY,1613317865,55,-34.4833,-54.3333,83.21,2.15
345,Alta Floresta,99,BR,1613317866,91,-9.8756,-56.0861,78.98,3.94
346,Lábrea,74,BR,1613317867,58,-7.2586,-64.7981,90.61,2.3
347,Tambacounda,0,SN,1613317868,7,13.7539,-13.7586,105.53,3.94
348,Nettuno,0,IT,1613317869,23,41.4826,12.679,46.0,11.01
349,Polyarnyye Zori,83,RU,1613317870,93,67.3661,32.4981,-1.82,3.09
350,Palekastro,0,GR,1613317871,67,35.2,26.25,62.01,4.23
351,Claresholm,100,CA,1613317873,76,50.0333,-113.5852,-11.99,2.3
352,Lac du Bonnet,18,CA,1613317874,100,50.2536,-96.0612,-26.0,4.27
353,San Ignacio,75,BZ,1613317875,88,17.1561,-89.0714,81.0,4.61
354,Leningradskiy,35,RU,1613317876,85,69.3833,178.4167,-17.0,5.61
355,Tessalit,0,ML,1613317877,9,20.1986,1.0114,93.33,6.02
356,Kismayo,4,SO,1613317878,81,-0.3582,42.5454,77.09,19.15
357,Matagami,1,CA,1613317650,78,49.7502,-77.6328,-0.4,4.61
358,Tegul'det,93,RU,1613317880,91,57.3064,88.1667,-5.4,3.56
359,Longyearbyen,75,SJ,1613317651,73,78.2186,15.6401,12.2,11.5
360,Vardø,20,NO,1613317883,79,70.3705,31.1107,15.8,14.97
361,Guerrero Negro,95,MX,1613317884,64,27.9769,-114.0611,59.9,19.77
362,Luorong,0,CN,1613317885,64,24.4058,109.6086,67.39,2.57
363,Chancay,0,PE,1613317886,69,-11.5714,-77.2672,78.01,10.36
364,Namatanai,12,PG,1613317887,83,-3.6667,152.4333,79.47,4.68
365,Faya,0,SA,1613317888,72,18.3851,42.4509,68.0,9.22
366,Kefamenanu,100,ID,1613317889,89,-9.4467,124.4781,71.2,2.55
367,Merauke,100,ID,1613317891,81,-8.4667,140.3333,81.0,7.94
368,San Cristobal,75,VE,1613317892,78,7.7669,-72.225,78.8,3.44
369,Yankton,1,US,1613317893,70,42.8711,-97.3973,-13.0,13.8
370,Acajutla,0,SV,1613317894,61,13.5928,-89.8275,77.0,4.25
371,Andenes,75,NO,1613317895,93,69.3143,16.1194,33.8,11.5
372,Bubaque,0,GW,1613317896,62,11.2833,-15.8333,77.81,10.33
373,Oranjestad,20,AW,1613317862,69,12.524,-70.027,82.4,21.85
374,Lensk,22,RU,1613317877,84,60.7253,114.9278,-23.67,1.41
375,Mayor Pablo Lagerenza,22,PY,1613317900,41,-19.9309,-60.7718,94.69,6.26
376,Alpena,1,US,1613317901,73,45.0617,-83.4327,17.01,11.5
377,Gazojak,0,TM,1613317694,41,41.1875,61.4036,55.69,6.15
378,Ca Mau,30,VN,1613317903,87,9.1769,105.15,70.16,5.57
379,Acapulco de Juárez,1,MX,1613317904,68,16.8634,-99.8901,73.4,6.91
380,Nome,1,US,1613317905,38,64.5011,-165.4064,19.4,9.22
381,Bandarbeyla,0,SO,1613317906,69,9.4942,50.8122,75.33,12.08
382,Wanning,5,CN,1613317908,79,18.8003,110.3967,64.76,2.42
383,Bathsheba,75,BB,1613317909,65,13.2167,-59.5167,80.6,18.41
384,Lüderitz,0,NA,1613317910,61,-26.6481,15.1594,70.56,23.42
385,Korla,100,CN,1613317911,70,41.7597,86.1469,36.59,2.13
386,Havelock,90,US,1613317912,100,34.8791,-76.9013,41.0,10.36
387,Tuatapere,51,NZ,1613317913,93,-46.1333,167.6833,57.0,5.99
388,Mthatha,20,ZA,1613317914,78,-31.5889,28.7844,75.2,13.8
389,Tibacuy,87,CO,1613317916,50,4.3511,-72.4564,87.46,13.49
390,Foumban,77,CM,1613317917,13,5.7291,10.9001,90.48,5.1
391,Gimli,1,CA,1613317918,62,50.6336,-96.9907,-25.6,3.44
392,Migori,100,KE,1613317919,62,-1.0634,34.4731,72.23,0.31
393,Aquiraz,40,BR,1613317920,66,-3.9014,-38.3911,87.8,18.41
394,Dhidhdhoo,0,MV,1613317921,64,6.8833,73.1,81.21,6.6
395,Pirovskoye,56,RU,1613317922,89,57.6267,92.2658,-14.76,1.23
396,Kribi,68,CM,1613317924,73,2.95,9.9167,84.04,10.31
397,Berdsk,90,RU,1613317925,86,54.7551,83.0967,21.2,8.95
398,La Orilla,13,MX,1613317926,53,17.9833,-102.2333,76.51,1.68
399,Laas,0,IT,1613317927,33,46.6166,10.7002,39.2,5.75
400,Labuhan,100,ID,1613317928,88,-6.8844,112.2051,76.73,9.22
401,Ellensburg,90,US,1613317929,79,46.9965,-120.5479,17.6,0.56
402,Ust'-Ishim,100,RU,1613317930,97,57.6935,71.1665,31.21,11.14
403,Richards Bay,100,ZA,1613317931,91,-28.783,32.0377,78.03,6.55
404,Port-Gentil,40,GA,1613317933,74,-0.7193,8.7815,86.0,13.8
405,Ayan,100,RU,1613317934,86,56.45,138.1667,4.08,13.82
406,Nkayi,100,CG,1613317935,73,-4.1841,13.2884,86.09,3.91
407,Mahibadhoo,10,MV,1613317936,74,3.7833,72.9667,81.27,13.38
408,Beroroha,100,MG,1613317937,86,-21.6667,45.1667,74.53,4.63
409,Paka,43,MY,1613317938,94,4.6374,103.4368,75.2,6.64
410,Merrill,1,US,1613317939,58,45.1805,-89.6835,-8.0,9.22
411,Aykhal,100,RU,1613317941,83,66.0,111.5,-26.68,7.23
412,Mabaruma,75,GY,1613317942,78,8.2,-59.7833,82.4,18.41
413,San Francisco,75,US,1613317730,66,37.7749,-122.4194,51.01,4.61
414,Sirte,5,LY,1613317944,63,31.2089,16.5887,61.2,21.81
415,Ivot,0,RU,1613317945,62,53.6756,34.1872,14.0,15.66
416,Provincia di Ancona,75,IT,1613317946,45,43.55,13.1667,42.01,21.85
417,Safi,0,MA,1613317947,62,32.2994,-9.2372,68.25,9.04
418,Maragogi,62,BR,1613317949,69,-9.0122,-35.2225,83.64,11.03
419,Vestmannaeyjar,75,IS,1613317950,93,63.4427,-20.2734,44.6,23.02
420,San Miguel de Tucumán,0,AR,1613317951,54,-26.8241,-65.2226,86.0,5.75
421,Port Moresby,90,PG,1613317952,94,-9.4431,147.1797,77.0,11.5
422,Bandar-e Anzali,90,IR,1613317953,82,37.4727,49.4622,51.8,4.61
423,Sīwah,0,EG,1613317954,30,29.2041,25.5195,62.67,5.41
424,Bharatpur,12,IN,1613317955,37,27.2167,77.4833,65.35,7.36
425,Laurel,90,US,1613317956,93,39.0993,-76.8483,33.01,5.66
426,Nicoya,0,CR,1613317958,58,10.1483,-85.452,84.2,2.3
427,Grand-Santi,98,GF,1613317959,68,4.25,-54.3833,82.08,5.23
428,Klaksvík,90,FO,1613317960,100,62.2266,-6.589,41.0,41.43
429,Morwell,19,AU,1613317961,89,-38.2333,146.4,53.01,1.01
430,Granollers,75,ES,1613317962,81,41.608,2.2877,48.99,6.91
431,Adrar,0,MR,1613317963,12,20.5022,-10.0711,84.72,17.11
432,Watsa,45,CD,1613317964,18,3.0372,29.5355,87.15,2.75
433,Mildura,0,AU,1613317965,40,-34.2,142.15,69.8,9.22
434,El Retorno,75,CO,1613317967,76,2.3302,-72.6276,83.08,6.55
435,Terrace Bay,40,CA,1613317968,71,48.7834,-87.1,-4.0,12.66
436,Walvis Bay,29,NA,1613317969,61,-22.9575,14.5053,77.0,12.66
437,Vikhorevka,100,RU,1613317970,77,56.1201,101.1636,-9.0,6.71
438,Portobelo,83,PA,1613317971,60,9.55,-79.65,90.0,5.99
439,Hoa Binh,69,VN,1613317972,73,20.8133,105.3383,69.8,8.05
440,Coquimbo,90,CL,1613317973,82,-29.9533,-71.3436,64.4,6.91
441,Arlit,0,NE,1613317975,9,18.7369,7.3853,92.05,8.88
442,Umluj,0,SA,1613317976,57,25.0213,37.2685,77.79,4.52
443,Luba,81,GQ,1613317977,79,3.4568,8.5547,82.56,12.41
444,Yablonovo,90,RU,1613317978,73,50.8523,37.3574,12.2,11.18
445,Goldsboro,90,US,1613317725,93,35.3849,-77.9928,37.4,9.22
446,Saint-François,0,FR,1613317980,56,46.4154,3.9054,41.0,6.91
447,Vermilion,40,US,1613317981,66,40.1667,-87.7506,1.4,12.66
448,Pemberton,90,CA,1613317982,85,50.3164,-122.8027,18.0,2.3
449,Pacific Grove,20,US,1613317984,87,36.6177,-121.9166,51.01,7.94
450,Gaoua,0,BF,1613317985,11,10.2992,-3.2508,102.45,6.73
451,Nguruka,74,TZ,1613317986,90,-5.1092,31.0419,71.78,2.93
452,Andilamena,100,MG,1613317987,96,-17.0167,48.5833,66.63,4.85
453,Chukhloma,100,RU,1613317988,94,58.7525,42.6825,3.38,9.73
454,Hofn,90,IS,1613317989,87,64.2539,-15.2082,44.6,28.77
455,Itarema,53,BR,1613317990,64,-2.9248,-39.9167,86.36,14.2
456,Haifa,0,IL,1613317991,68,32.8156,34.9892,64.4,8.05
457,Saldanha,9,ZA,1613317811,53,-33.0117,17.9442,73.4,10.36
458,Tabas,0,IR,1613317994,12,33.5959,56.9244,66.2,4.61
459,Formosa do Rio Preto,55,BR,1613317995,44,-11.0483,-45.1931,89.24,5.61
460,High Level,1,CA,1613317996,83,58.5169,-117.136,-18.4,4.61
461,Azoyú,0,MX,1613317997,29,16.7167,-98.7333,82.11,1.99
462,Muisne,75,EC,1613317998,100,0.6,-80.0333,77.0,4.61
463,Mwanza,100,TZ,1613317999,57,-2.5167,32.9,78.44,3.09
464,Fairbanks,1,US,1613317814,76,64.8378,-147.7164,-23.8,1.79
465,Uglovskoye,80,RU,1613318001,93,51.3557,80.1942,12.72,8.52
466,Meadow Lake,90,US,1613318003,61,34.8014,-106.5436,15.01,34.52
467,Ponta Delgada,20,PT,1613318004,67,37.7333,-25.6667,59.0,21.85
468,Chimbote,1,PE,1613318005,60,-9.0853,-78.5783,77.74,9.31
469,Kaeo,100,NZ,1613318006,98,-35.1,173.7833,70.0,15.01
470,Carballo,0,ES,1613318007,52,43.213,-8.691,64.4,20.71
471,Saint-Paul,75,RE,1613318008,69,-21.0096,55.2707,78.8,9.22
472,Lubango,20,AO,1613318009,39,-14.9172,13.4925,78.8,6.91
473,Korčula,20,HR,1613318010,38,42.9622,17.1369,35.6,12.66
474,Codrington,57,AU,1613318012,83,-38.2667,141.9667,57.34,10.13
475,Khovd,1,MN,1613318013,85,48.0056,91.6419,12.87,0.83
476,Hawera,100,NZ,1613318014,96,-39.5917,174.2833,57.99,4.03
477,Krasnosel'kup,0,RU,1613318015,81,65.7,82.4667,-31.81,8.75
478,Los Llanos de Aridane,0,ES,1613318016,64,28.6585,-17.9182,69.8,11.5
479,Khasan,100,RU,1613318017,95,42.4308,130.6434,30.7,4.65
480,Kyzyl-Suu,77,KG,1613318018,87,42.3414,78.0056,29.98,6.4
481,Praia da Vitória,20,PT,1613318019,59,38.7333,-27.0667,62.6,17.34
482,Fortuna,90,US,1613318021,100,40.5982,-124.1573,45.0,13.8
483,Thoen,2,TH,1613318022,57,17.6129,99.2161,75.99,0.65
484,Severnyy,90,RU,1613318023,73,50.677,36.5532,12.2,11.18
485,Verkhnevilyuysk,41,RU,1613318024,86,63.4453,120.3167,-25.64,5.7
486,Caucayá,32,CO,1613318025,47,-0.1934,-74.7819,91.63,5.23
487,Zeya,72,RU,1613318026,84,53.75,127.2667,-14.13,3.4
488,Waddān,0,LY,1613318027,42,29.1614,16.139,66.31,14.83
489,Neyshabur,0,IR,1613318028,39,36.2133,58.7958,52.97,2.66
490,Shingū,100,JP,1613318030,83,33.7333,135.9833,59.18,13.71
491,Kangaatsiaq,88,GL,1613318031,93,68.3065,-53.4641,0.32,9.53
492,Saint Anthony,20,US,1613318032,58,45.0205,-93.218,-14.8,9.22
493,Broome,90,US,1613318033,93,42.2506,-75.833,26.01,3.44
494,Zabid,3,YE,1613318034,54,14.1951,43.3152,80.56,10.58
495,Port-Cartier,90,CA,1613318035,67,50.0334,-66.8654,15.01,2.98
496,Vozhega,99,RU,1613318036,90,60.4725,40.2213,0.23,9.73
497,Gijang,75,KR,1613318037,93,35.2442,129.2139,51.8,1.14
498,Havre-St-Pierre,90,CA,1613318039,72,50.2334,-63.5986,5.0,5.75
499,Sabancuy,41,MX,1613318040,63,18.9667,-91.1833,80.11,1.77
500,Arrondissement de Mayenne,0,FR,1613318041,69,48.3333,-0.6667,35.6,11.5
501,Kahului,1,US,1613318042,83,20.8947,-156.47,68.0,6.91
502,Rockland,100,US,1613318043,77,41.1668,-74.0496,32.0,1.99
503,Sretensk,12,RU,1613318044,83,52.2453,117.7093,-21.98,1.03
504,Strezhevoy,90,RU,1613318045,78,60.7333,77.5889,-2.2,15.66
505,Kaseda-shirakame,75,JP,1613318046,88,31.4167,130.3167,60.8,5.75
506,Lakatoro,98,VU,1613318048,79,-16.0999,167.4164,80.35,3.67
507,Sioux Lookout,20,CA,1613318049,68,50.1001,-91.917,-27.4,6.91
508,Rurrenabaque,75,BO,1613318050,94,-14.4413,-67.5278,80.6,4.61
509,Mwaro Province,100,BI,1613318051,93,-3.5,29.6667,62.29,3.49
510,Ottumwa,90,US,1613318052,65,41.02,-92.4113,-5.01,16.11
511,Talnakh,100,RU,1613318053,84,69.4865,88.3972,-24.48,2.42
512,Mahon,75,ES,1613318054,61,39.8885,4.2658,48.2,14.97
513,Utrera,0,ES,1613318055,43,37.1852,-5.7809,73.0,4.61
514,Lander,75,US,1613317863,84,42.833,-108.7307,-5.01,2.91
515,Sotnikovo,20,RU,1613318058,65,51.8845,107.4791,-4.0,3.56
516,Eureka,100,US,1613318059,93,40.8021,-124.1637,45.0,7.0
517,Deputatsky,83,RU,1613318060,88,69.3,139.9,-21.75,2.01
518,Buluang,75,PH,1613318061,90,13.3068,123.3425,73.06,3.6
519,Moïssala,0,TD,1613318062,9,8.3404,17.7663,101.88,2.73
520,Altus,20,US,1613318063,78,34.6381,-99.334,6.8,21.85
521,Altay,0,CN,1613318065,73,47.8667,88.1167,13.17,2.37
522,Kansanshi,97,ZM,1613318066,92,-12.0951,26.4273,69.6,3.24
523,Srīvardhan,0,IN,1613318067,71,18.0333,73.0167,73.89,7.52
524,Nanning,10,CN,1613318068,88,22.8167,108.3167,60.8,2.24
525,Kumul,12,CN,1613318069,84,42.8,93.45,31.01,1.48
526,Parral,100,MX,1613318070,29,26.9333,-105.6667,57.34,28.39
527,Kenitra,0,MA,1613318072,31,34.261,-6.5802,77.0,8.05
528,Ucluelet,90,CA,1613318056,100,48.9329,-125.5528,35.01,9.22
529,Odesskoye,100,RU,1613318074,97,54.2111,72.9651,27.09,16.98
530,Zaraza,100,VE,1613318075,40,9.3503,-65.3245,91.83,8.12
531,Cape Canaveral,1,US,1613318076,83,28.4058,-80.6048,78.01,8.05
532,Arrondissement de Bar-le-Duc,0,FR,1613317982,41,48.75,5.1667,35.6,12.66
533,Henties Bay,59,NA,1613318079,83,-22.116,14.2845,66.9,12.71
534,Benghazi,23,LY,1613318080,71,32.1167,20.0667,61.99,14.56
535,Jumla,44,NP,1613318081,75,29.2747,82.1838,37.81,2.3
536,Rāisinghnagar,83,IN,1613318082,30,29.5358,73.4492,63.39,3.36
537,Aripuanã,100,BR,1613318032,98,-9.1667,-60.6333,74.53,3.29
538,Puerto Ayacucho,70,VE,1613318085,44,5.6639,-67.6236,94.46,1.88
539,Springbok,0,ZA,1613318086,62,-29.6643,17.8865,67.26,21.0
540,Nealtican,40,MX,1613318087,49,19.05,-98.4167,48.2,8.12
541,San Vicente,5,AR,1613318088,33,-26.6167,-54.1333,85.78,5.73
542,Porto-Novo,20,BJ,1613318089,79,6.4965,2.6036,87.8,12.66
543,Trairi,14,BR,1613318090,76,-3.2778,-39.2689,83.34,11.72
544,Redcliffe,20,AU,1613318092,73,-27.2307,153.0973,71.6,8.05
545,Ponnāni,84,IN,1613318093,57,10.767,75.9252,80.6,2.3
546,Katobu,95,ID,1613318094,83,-4.9408,122.5276,77.95,3.74
547,Caconda,1,AO,1613318095,28,-13.7333,15.0667,80.6,8.3
548,Thunder Bay,1,CA,1613317860,63,48.4001,-89.3168,-11.0,11.5
549,San Felipe,88,VE,1613318097,72,10.3399,-68.7425,80.69,6.33
550,Rumoi,100,JP,1613318098,92,43.9344,141.6428,32.95,6.4
551,Venice,75,US,1613317936,94,27.0998,-82.4543,77.0,17.27
552,Samarai,91,PG,1613318101,77,-10.6167,150.6667,80.73,3.0
553,Coromandel,100,BR,1613318102,75,-18.4733,-47.2003,77.23,6.06
554,Córdoba,20,AR,1613318077,42,-31.4135,-64.1811,91.0,9.22
555,Westport,90,US,1613318104,69,41.1415,-73.3579,34.0,6.91
556,Hanzhong,89,CN,1613318105,48,33.0728,107.0303,55.09,3.94
557,Santiago del Estero,0,AR,1613317991,56,-27.7951,-64.2615,90.0,4.0
558,Mozarlândia,97,BR,1613318108,82,-14.7447,-50.5706,78.21,4.9
559,Santa Cruz do Rio Pardo,75,BR,1613318109,76,-22.8989,-49.6325,79.93,6.26
560,Garden City,1,US,1613318110,67,42.3256,-83.331,19.99,8.05
561,Roald,0,NO,1613318111,37,62.5833,6.1333,33.8,16.11
562,Murgab,95,TM,1613318112,39,37.4966,61.9714,60.8,6.91
563,Orán,1,AR,1613318113,55,-23.1322,-64.326,89.01,1.99
564,Barra de Tecoanapa,0,MX,1613318115,40,16.5167,-98.75,78.51,2.82
565,Dunedin,96,NZ,1613318100,91,-45.8742,170.5036,55.0,1.01
566,Santa Isabel Rio Negro,90,BR,1613318117,75,-0.4139,-65.0192,84.79,6.02
567,Chicama,0,PE,1613318118,83,-7.8447,-79.1469,71.6,10.36
